INSERT INTO Branch values('BR00000001','#1,8th Cross,Sampige Road,Bangalore-560003',1985,'Malleshwaram','SAAU');
INSERT INTO Branch values('BR00000002','#2,7th Cross,Marine Drive,Mumbai-628031',1999,'Marine Drive','SAAIT');
INSERT INTO Branch values('BR00000003','#3,9th Cross,8th Main,Dwarka,New Delhi-110075',2005,'Dwarka','SAACS');



INSERT INTO Department values('CSE0000001',550,8,'BR00000001','Computer Science Engineering');
INSERT INTO Department values('CSE0000002',550,8,'BR00000002','Computer Science Engineering');
INSERT INTO Department values('CSE0000003',550,8,'BR00000003','Computer Science Engineering');
INSERT INTO Department values('ECE0000001',240,4,'BR00000001','Electronics and Communications Engineering');
INSERT INTO Department values('ECE0000002',240,4,'BR00000002','Electronics and Communications Engineering');
INSERT INTO Department values('ECE0000003',240,4,'BR00000003','Electronics and Communications Engineering');
INSERT INTO Department values('EME0000001',240,4,'BR00000001','Mechanical Engineering');
INSERT INTO Department values('EME0000002',240,4,'BR00000002','Mechanical Engineering');
INSERT INTO Department values('EME0000003',240,4,'BR00000003','Mechanical Engineering');
INSERT INTO Department values('EEE0000001',120,2,'BR00000001','Electrical And Electronics Engineering');
INSERT INTO Department values('EEE0000002',120,2,'BR00000002','Electrical And Electronics Engineering');
INSERT INTO Department values('EEE0000003',120,2,'BR00000003','Electrical And Electronics Engineering');
INSERT INTO Department values('CVV0000001',60,1,'BR00000001','Civil Engineering');
INSERT INTO Department values('CVV0000002',60,1,'BR00000002','Civil Engineering');
INSERT INTO Department values('CVV0000003',60,1,'BR00000003','Civil Engineering');
INSERT INTO Department values('BTC0000001',60,1,'BR00000001','Biotech Engineering');
INSERT INTO Department values('BTC0000002',60,1,'BR00000002','Biotech Engineering');
INSERT INTO Department values('BTC0000003',60,1,'BR00000003','Biotech Engineering');
INSERT INTO Department values('CHC0000001',60,1,'BR00000001','Chemical Engineering');
INSERT INTO Department values('CHC0000002',60,1,'BR00000002','Chemical Engineering');
INSERT INTO Department values('CHC0000003',60,1,'BR00000003','Chemical Engineering');



INSERT INTO Student values('Paul',NULL,'Holder','SAA1201800001',2,'2000-11-26',91.0,8.85,'iponce@yahoo.com',9645582327,'CSE0000001','BR00000001','t~tsWzLIrJhQ');
INSERT INTO Student values('Timothy',NULL,'Tanner','SAA1201800002',2,'2000-03-19',94.8,9.91,'smithjoseph@johnston-buck.org',9350728358,'ECE0000002','BR00000002','HeLFy|eRBQH');
INSERT INTO Student values('Jeanette',NULL,'Turner','SAA1201800003',2,'2000-04-18',93.1,9.54,'gonzalezronald@henderson-smith.com',9200106316,'EME0000003','BR00000003','pBFCpblE');
INSERT INTO Student values('Ronald',NULL,'Moody','SAA1201800004',2,'2000-06-16',89.5,9.88,'moorejessica@gmail.com',9811334941,'EEE0000001','BR00000001','PiIjB|h~VK');
INSERT INTO Student values('Kenneth',NULL,'Pratt','SAA1201800005',2,'2000-02-15',84.7,7.85,'linda57@peters.net',9909650648,'CVV0000002','BR00000002','kwAmjSSO');
INSERT INTO Student values('Timothy',NULL,'Fuentes','SAA1201800006',2,'2000-01-27',98.0,8.61,'stuart44@dean-smith.com',9159090567,'BTC0000003','BR00000003','~XXsoaUY');
INSERT INTO Student values('Corey',NULL,'Morton','SAA1201800007',2,'2000-02-25',95.6,9.19,'stephanie39@young.biz',9583881349,'CHC0000001','BR00000001','rU^ADVTqgyNs');
INSERT INTO Student values('Stephen',NULL,'Sosa','SAA1201800008',2,'2000-08-11',99.8,8.81,'andrewthompson@park.com',9202604663,'CSE0000002','BR00000002','Jr}B~[nI');
INSERT INTO Student values('James',NULL,'Harris','SAA1201800009',2,'2000-08-25',89.1,8.23,'valeriemurray@gmail.com',9032628458,'ECE0000003','BR00000003','_aLO{HIid`zLxQ');
INSERT INTO Student values('Carl',NULL,'Moore','SAA1201800010',2,'2000-01-01',97.8,8.7,'qswanson@gordon.com',9860045641,'EME0000001','BR00000001','askf[Xo]');
INSERT INTO Student values('Karen',NULL,'Rogers','SAA1201800011',2,'2000-04-21',86.6,8.12,'kathryn15@hotmail.com',9595931217,'EEE0000002','BR00000002','FRIkjLh}');
INSERT INTO Student values('Melinda',NULL,'Jimenez','SAA1201800012',2,'2000-10-08',82.1,7.76,'kingrenee@gmail.com',9556796700,'CVV0000003','BR00000003','WoZRBzQnhg');
INSERT INTO Student values('Joseph',NULL,'Taylor','SAA1201800013',2,'2000-03-18',85.8,9.75,'duncankevin@yahoo.com',9113469524,'BTC0000001','BR00000001','WqaTkgtr]~');
INSERT INTO Student values('Elizabeth',NULL,'Branch','SAA1201800014',2,'2000-04-01',96.6,8.9,'christinarussell@yahoo.com',9920496740,'CHC0000002','BR00000002','OP}bEJ|ntA');
INSERT INTO Student values('Jamie',NULL,'Martin','SAA1201800015',2,'2000-08-15',87.0,9.33,'susanparsons@yahoo.com',9590086118,'CSE0000003','BR00000003','bvgloWv}rqnj');
INSERT INTO Student values('Mr.',NULL,'Justin','SAA1201800016',2,'2000-06-18',89.1,7.64,'Strickland',9456341612,'ECE0000001','BR00000001','iGZ_eUcPvH');
INSERT INTO Student values('Megan',NULL,'Reed','SAA1201800017',2,'2000-02-04',85.7,8.21,'rebeccadonaldson@newman.com',9923671658,'EME0000002','BR00000002','N`tgQKgWI}');
INSERT INTO Student values('Stephanie',NULL,'Rice','SAA1201800018',2,'2000-09-11',96.8,9.93,'adamfarmer@stokes-mccall.com',9478453878,'EEE0000003','BR00000003','RtSrCehevNVg');
INSERT INTO Student values('Emily',NULL,'Gonzalez','SAA1201800019',2,'2000-12-24',86.7,9.75,'pwatson@hotmail.com',9978613715,'CVV0000001','BR00000001','Q~yoksNwYt');
INSERT INTO Student values('Brian',NULL,'Wells','SAA1201800020',2,'2000-03-21',81.9,8.67,'nmeyers@vargas-williams.org',9442932070,'BTC0000002','BR00000002','PCiTIKb]DAAV');
INSERT INTO Student values('Brandon',NULL,'Hayes','SAA1201800021',2,'2000-09-12',91.6,8.99,'davidrojas@wilson.com',9801433796,'CHC0000003','BR00000003','[Q|Pn\P');
INSERT INTO Student values('Jessica',NULL,'Cameron','SAA1201800022',2,'2000-02-19',81.3,8.85,'randy99@wilson-williams.com',9438812417,'CSE0000001','BR00000001','I\o|ftjs');
INSERT INTO Student values('Valerie',NULL,'Garcia','SAA1201800023',2,'2000-10-15',97.3,7.94,'wwalter@reed.com',9091465566,'ECE0000002','BR00000002','VH^Mq|R]cd');
INSERT INTO Student values('Michael',NULL,'Rodriguez','SAA1201800024',2,'2000-12-15',92.3,9.5,'erica78@hall.com',9797783874,'EME0000003','BR00000003','QA{OyIqjjFOot');
INSERT INTO Student values('Vincent',NULL,'Parks','SAA1201800025',2,'2000-10-18',95.0,7.78,'jessecunningham@gmail.com',9606385943,'EEE0000001','BR00000001','}WJ}EyIj[');
INSERT INTO Student values('Lucas',NULL,'Sanchez','SAA1201800026',2,'2000-07-23',91.6,8.04,'ramosjustin@mccarthy.com',9737078683,'CVV0000002','BR00000002','zEgArsnb');
INSERT INTO Student values('Lauren',NULL,'Bryant','SAA1201800027',2,'2000-11-27',96.3,7.62,'joyce67@chase.info',9158777610,'BTC0000003','BR00000003','uSBg|C\hMR[W');
INSERT INTO Student values('Jamie',NULL,'Burton','SAA1201800028',2,'2000-11-02',98.6,9.88,'deanna61@newman.com',9654862775,'CHC0000001','BR00000001','oKv{K]kS');
INSERT INTO Student values('Christine',NULL,'Lopez','SAA1201800029',2,'2000-11-03',87.2,8.18,'mgarcia@morgan.org',9425602155,'CSE0000002','BR00000002','ZJDMqvCeZC|');
INSERT INTO Student values('Christine',NULL,'Nguyen','SAA1201800030',2,'2000-02-23',80.1,9.65,'williamsbetty@yahoo.com',9933529298,'ECE0000003','BR00000003','nqhxRQ\Sj');
INSERT INTO Student values('Michael',NULL,'Ho','SAA1201800031',2,'2000-08-22',93.5,9.85,'robertsamanda@morgan.org',9945703764,'EME0000001','BR00000001','WTGkLIpyrC');
INSERT INTO Student values('Rhonda',NULL,'Perez','SAA1201800032',2,'2000-09-12',99.5,7.79,'danielleoconnor@gmail.com',9904425955,'EEE0000002','BR00000002','P~IrjkBYx');
INSERT INTO Student values('Christine',NULL,'White','SAA1201800033',2,'2000-11-14',92.7,8.84,'carneyjonathan@murphy-hatfield.com',9453384803,'CVV0000003','BR00000003','Zutgm`qftPRLb');
INSERT INTO Student values('Lauren',NULL,'Stanley','SAA1201800034',2,'2000-09-01',89.8,8.58,'jeffrey29@gmail.com',9317770694,'BTC0000001','BR00000001','POIsZg]x\\v');
INSERT INTO Student values('Jason',NULL,'Salazar','SAA1201800035',2,'2000-09-10',81.0,7.64,'mdoyle@gmail.com',9547999862,'CHC0000002','BR00000002','xsG]y[{YRwKG]');
INSERT INTO Student values('Jeremiah',NULL,'Nelson','SAA1201700001',2,'1999-04-11',96.6,8.88,'ghale@stevens.biz',9115981244,'CSE0000003','BR00000003','EFPnhSsUzGe');
INSERT INTO Student values('Sharon',NULL,'Gaines','SAA1201700002',2,'1999-07-02',81.6,8.08,'calvin49@wood.com',9593708695,'ECE0000001','BR00000001','QzPBgQyo');
INSERT INTO Student values('Brian',NULL,'Hart','SAA1201700003',2,'1999-11-18',84.0,9.59,'aaronhernandez@hotmail.com',9976899611,'EME0000002','BR00000002','AozLA\rXgV~f');
INSERT INTO Student values('Kara',NULL,'Roberts','SAA1201700004',2,'1999-03-21',89.9,9.0,'littlecurtis@gmail.com',9621511171,'EEE0000003','BR00000003','[e]fDhi~N');
INSERT INTO Student values('Nathan',NULL,'Gillespie','SAA1201700005',2,'1999-05-03',97.0,8.24,'williamsashley@thompson.biz',9391729589,'CVV0000001','BR00000001','iln{AtwwE]H');
INSERT INTO Student values('Jonathan',NULL,'Williams','SAA1201700006',2,'1999-02-20',88.2,8.27,'barbara32@gmail.com',9193296657,'BTC0000002','BR00000002','UeNSQPdfj^v');
INSERT INTO Student values('Anthony',NULL,'Young','SAA1201700007',2,'1999-12-08',90.7,8.45,'bensonkaren@yahoo.com',9870986739,'CHC0000003','BR00000003','Bew[TmiJ');
INSERT INTO Student values('Daniel',NULL,'Sherman','SAA1201700008',2,'1999-02-09',88.7,8.98,'melinda44@hotmail.com',9494094314,'CSE0000001','BR00000001','gKj[}rXm]');
INSERT INTO Student values('Billy',NULL,'Torres','SAA1201700009',2,'1999-09-18',88.3,7.55,'daviddickson@george.com',9538275412,'ECE0000002','BR00000002','YSDuKgAnV_cxRD');
INSERT INTO Student values('Steven',NULL,'Graham','SAA1201700010',2,'1999-04-04',94.1,9.22,'kimlopez@hotmail.com',9426660454,'EME0000003','BR00000003','dO^yoFL~xo]');
INSERT INTO Student values('Tom',NULL,'Barr','SAA1201700011',2,'1999-06-12',82.4,9.99,'jonward@gmail.com',9220458703,'EEE0000001','BR00000001','vB^cUOUDzx`Cid');
INSERT INTO Student values('Hector',NULL,'Andersen','SAA1201700012',2,'1999-06-22',97.2,9.87,'devin32@brown-caldwell.com',9263491141,'CVV0000002','BR00000002','YkGVf\S[Mdojz');
INSERT INTO Student values('Megan',NULL,'Graves','SAA1201700013',2,'1999-04-24',82.2,7.68,'mike15@robinson.com',9414618735,'BTC0000003','BR00000003','TQESVtxNIY');
INSERT INTO Student values('James',NULL,'Newton','SAA1201700014',2,'1999-04-14',86.9,8.21,'paulmanning@gmail.com',9498549897,'CHC0000001','BR00000001','QBXJ[KtZmJ');
INSERT INTO Student values('Jennifer',NULL,'Vaughan','SAA1201700015',2,'1999-07-12',84.9,9.17,'tmason@ruiz.com',9676483638,'CSE0000002','BR00000002','dWMXP]Dr');
INSERT INTO Student values('Michael',NULL,'Webb','SAA1201700016',2,'1999-01-25',97.7,9.51,'jmoses@thompson.com',9949480105,'ECE0000003','BR00000003','u}H|OsSZu');
INSERT INTO Student values('Brian',NULL,'Hudson','SAA1201700017',2,'1999-08-18',85.9,8.79,'btaylor@gmail.com',9303231233,'EME0000001','BR00000001','ytHHqQmj[XN');
INSERT INTO Student values('Joy',NULL,'Smith','SAA1201700018',2,'1999-04-23',81.5,9.77,'katie74@anthony.org',9726120845,'EEE0000002','BR00000002','InfqHM}i');
INSERT INTO Student values('Bonnie',NULL,'Brown','SAA1201700019',2,'1999-02-03',90.2,8.15,'pharris@gibson-bennett.com',9048935917,'CVV0000003','BR00000003','hoJfigLaRx');
INSERT INTO Student values('Darius',NULL,'Nelson','SAA1201700020',2,'1999-04-15',91.4,8.26,'xwilliams@gmail.com',9341320964,'BTC0000001','BR00000001','\jxgegavYoTKBe');
INSERT INTO Student values('Donald',NULL,'Miller','SAA1201700021',2,'1999-11-23',91.4,7.85,'biancaarroyo@gmail.com',9441281055,'CHC0000002','BR00000002','[L\J`dhFvYaAW');
INSERT INTO Student values('Samantha',NULL,'King','SAA1201700022',2,'1999-06-02',83.6,9.7,'billyfinley@yahoo.com',9443818508,'CSE0000003','BR00000003','cNcup[sH~');
INSERT INTO Student values('Melissa',NULL,'Jordan','SAA1201700023',2,'1999-08-01',96.9,8.93,'joshuaallen@hotmail.com',9531214510,'ECE0000001','BR00000001','^ayLKaeqjh~w');
INSERT INTO Student values('Michael',NULL,'Garrett','SAA1201700024',2,'1999-05-25',86.0,8.37,'carolharris@yahoo.com',9403340108,'EME0000002','BR00000002','ZeT|`huTx}');
INSERT INTO Student values('Wendy',NULL,'James','SAA1201700025',2,'1999-10-12',85.3,8.16,'hbranch@gmail.com',9948813966,'EEE0000003','BR00000003','cmLyiDOLE');
INSERT INTO Student values('Donna',NULL,'Clark','SAA1201700026',2,'1999-05-22',98.8,7.95,'alanmatthews@flores.com',9082719066,'CVV0000001','BR00000001','LXjX~QrPLBhn]');
INSERT INTO Student values('Natasha',NULL,'Martin','SAA1201700027',2,'1999-07-25',96.6,7.51,'brenda37@hotmail.com',9903706091,'BTC0000002','BR00000002','TJrsRN]isa\qD');
INSERT INTO Student values('Michael',NULL,'Meyer','SAA1201700028',2,'1999-05-10',88.4,7.76,'ann76@anderson-howard.org',9135556191,'CHC0000003','BR00000003','~GarfA[YgUl|vG');
INSERT INTO Student values('Kathryn',NULL,'Wilson','SAA1201700029',2,'1999-04-16',98.2,8.69,'matthewross@hotmail.com',9922827766,'CSE0000001','BR00000001','qNYXJXNNSScE|');
INSERT INTO Student values('Paul',NULL,'Mcbride','SAA1201700030',2,'1999-09-10',96.3,7.86,'thomas22@watkins-turner.biz',9706273327,'ECE0000002','BR00000002','Q]dB[DtK^');
INSERT INTO Student values('Tami',NULL,'Cain','SAA1201700031',2,'1999-01-15',88.3,8.27,'burgessangela@davis.com',9765733419,'EME0000003','BR00000003','{B]hrMYw~GU');
INSERT INTO Student values('Ashley',NULL,'Gutierrez','SAA1201700032',2,'1999-05-03',96.5,8.37,'DDS',9427282403,'EEE0000001','BR00000001','ziN}PZW[M');
INSERT INTO Student values('Zachary',NULL,'Mathis','SAA1201700033',2,'1999-09-18',87.9,9.5,'christopher29@gillespie.info',9730112564,'CVV0000002','BR00000002','lOmtPwVI');
INSERT INTO Student values('William',NULL,'Flynn','SAA1201700034',2,'1999-10-11',85.4,9.72,'uclark@guzman.com',9670404415,'BTC0000003','BR00000003','ZKpNrpxis');
INSERT INTO Student values('Stephanie',NULL,'Black','SAA1201700035',2,'1999-09-16',83.5,7.77,'patriciaeaton@yahoo.com',9002454096,'CHC0000001','BR00000001','kGjNeXo}PbGSNT');



INSERT INTO Faculty values('F000000001','David',NULL,'Mack',58,2003,'jeff56@hotmail.com',9319610517,'Unit 1877 Box 7880DPO AA 95705','ECE0000002','BR00000002','scBpDf`fX_avK');
INSERT INTO Faculty values('F000000002','Dr.',NULL,'Tony',63,1995,'blairjamie@yahoo.com',9605569190,'2402 Chavez Canyon Apt. 013Lake Shirleytown, CA 70742','EME0000003','BR00000003','HlBqBZwefy');
INSERT INTO Faculty values('F000000003','Robert',NULL,'Zhang',49,2007,'gibsonkaren@clark-roberts.info',9447518899,'194 Wilson OverpassBellside, ID 28303','EEE0000001','BR00000001','Igwk|^');
INSERT INTO Faculty values('F000000004','Douglas',NULL,'Archer',42,2001,'oliviamartin@gmail.com',9172136102,'118 Theodore Greens Apt. 422Lake David, CT 35087','CVV0000002','BR00000002','OBVz[~gVTVrZW');
INSERT INTO Faculty values('F000000005','Megan',NULL,'Adams',54,2018,'keithguerrero@summers-gilmore.com',9254458672,'5653 Hunt Lane Apt. 016East Kimberly, WY 50123','BTC0000003','BR00000003','kAy{S{hIH}B}F');
INSERT INTO Faculty values('F000000006','Shelby',NULL,'Black',48,2007,'smiththeodore@jackson.com',9982208858,'454 Wolf Land Apt. 882East Julieberg, SD 98419','CHC0000001','BR00000001','l[ri`D{nVm');
INSERT INTO Faculty values('F000000007','Ashley',NULL,'Travis',51,2007,'mooresteven@yahoo.com',9225130800,'PSC 8453, Box 1954APO AA 34811','CSE0000002','BR00000002','G^cLOrWbrjDIp');
INSERT INTO Faculty values('F000000008','Christine',NULL,'Parker',49,1997,'hmyers@castaneda.biz',9772669644,'6630 Laura River Suite 845Veronicafurt, MS 46062','ECE0000003','BR00000003','C{l`QGjD`UeQ');
INSERT INTO Faculty values('F000000009','Michael',NULL,'Murray',43,2002,'stephen01@gmail.com',9022935652,'15883 Turner Mountain Suite 013East Suzanne, WI 85134','EME0000001','BR00000001','Ub[zLUkS');
INSERT INTO Faculty values('F000000010','Keith',NULL,'Nguyen',64,2002,'emonroe@alvarado.biz',9266276156,'4847 Peter Squares Apt. 621New Donaldshire, KY 90822','EEE0000002','BR00000002','}WXKeKAnwFzSi');
INSERT INTO Faculty values('F000000011','Kevin',NULL,'Mason',41,2008,'brittany19@hotmail.com',9378672100,'240 Kara Coves Suite 374Port Deborah, RI 37086','CVV0000003','BR00000003','JUlkCsLOBrFn');
INSERT INTO Faculty values('F000000012','John',NULL,'Cox',48,2004,'denisemorgan@smith-ballard.com',9093221649,'USS WhitakerFPO AP 14683','BTC0000001','BR00000001','CbW]Fo\|q');
INSERT INTO Faculty values('F000000013','Eric',NULL,'Phillips',48,2007,'gibsonsteven@gray.com',9828896382,'4980 Griffin PathKnightshire, WV 50139','CHC0000002','BR00000002','TlUGV{wwm{P\S');
INSERT INTO Faculty values('F000000014','Lisa',NULL,'Hinton',42,2012,'rodney12@yahoo.com',9974969551,'50047 Munoz UnionsBryanttown, KS 16905','CSE0000003','BR00000003','cnI}xAq^C');
INSERT INTO Faculty values('F000000015','Bryan',NULL,'Garza',53,2017,'margaret47@carpenter.info',9715412709,'88603 Maxwell RidgesNorth Jessica, MT 56897','ECE0000001','BR00000001','YythlT]O');
INSERT INTO Faculty values('F000000016','Michael',NULL,'Ward',50,2010,'bakeralexander@gonzalez.net',9990342486,'USNV CooperFPO AP 56349','EME0000002','BR00000002','~^Mie{]]{v');
INSERT INTO Faculty values('F000000017','Kevin',NULL,'Flores',40,2011,'jillbeck@gmail.com',9614660656,'37487 Deleon BurgNorth Billyhaven, ID 62054','EEE0000003','BR00000003','C]dZC|OsJ');
INSERT INTO Faculty values('F000000018','Kenneth',NULL,'Gross',65,2014,'emitchell@merritt.info',9632735398,'40210 Debbie Tunnel Suite 920Brownshire, IA 26311','CVV0000001','BR00000001','uzqf\IHiFh');
INSERT INTO Faculty values('F000000019','Jeffrey',NULL,'Brown',65,1996,'johnsonthomas@gmail.com',9206435577,'72768 Sarah WalksWest Brittanyborough, WA 50556','BTC0000002','BR00000002','AQvgDv~iWS|Ju');
INSERT INTO Faculty values('F000000020','Katrina',NULL,'Ayers',44,1996,'adriennecampos@yahoo.com',9458554420,'1726 Newton DriveNew Allison, KY 53470','CHC0000003','BR00000003','oLq]m]IdCaCT');
INSERT INTO Faculty values('F000000021','Joshua',NULL,'Marshall',53,2008,'joneslori@lopez.com',9559247203,'0709 Bailey Ports Suite 129Washingtonchester, AL 06588','CSE0000001','BR00000001','P\Qu^FwdC]R');
INSERT INTO Faculty values('F000000022','Tony',NULL,'Cowan',57,2017,'katherinemiller@gmail.com',9465399889,'774 Ryan PlazaNorth William, VT 85723','ECE0000002','BR00000002','px_L~MGF');
INSERT INTO Faculty values('F000000023','Kelly',NULL,'Hooper',51,2014,'heather80@smith.info',9736812631,'41638 Robert Stravenue Apt. 288Sherylhaven, KY 96999','EME0000003','BR00000003','^_h}VE|iq`n');
INSERT INTO Faculty values('F000000024','Jason',NULL,'Reed',45,2013,'smiller@yahoo.com',9882979939,'629 Anthony JunctionSouth John, WI 34928','EEE0000001','BR00000001','TWpDoOQpBPvaL');
INSERT INTO Faculty values('F000000025','Matthew',NULL,'Moses',70,2015,'gpittman@hill.com',9889200715,'927 Mary CovesNorth Richard, DE 30757','CVV0000002','BR00000002','uHMjpjZ_A[');
INSERT INTO Faculty values('F000000026','Matthew',NULL,'Carter',50,1998,'currymelanie@allen.org',9750879488,'648 Robles CrossingKathrynview, IL 78236','BTC0000003','BR00000003','ksfbvll{AN^C');
INSERT INTO Faculty values('F000000027','Hunter',NULL,'Luna',50,2016,'whitetroy@allen.org',9621775905,'PSC 4467, Box 8007APO AE 97934','CHC0000001','BR00000001','AQWzYAUcVhjJd');
INSERT INTO Faculty values('F000000028','Sandra',NULL,'Boyd',68,2000,'carlostorres@obrien.com',9706484569,'71799 Nguyen Flats Apt. 523Riveramouth, SC 25861','CSE0000002','BR00000002','LaqezBPHDm{e}U');
INSERT INTO Faculty values('F000000029','Ryan',NULL,'Galloway',51,2015,'david09@yahoo.com',9130354795,'85777 Miller PointsWest Paul, VT 92936','ECE0000003','BR00000003','LUITf^CSQ');
INSERT INTO Faculty values('F000000030','Katelyn',NULL,'Gilbert',70,2017,'joshuabailey@hotmail.com',9188974010,'45931 Dawn ViaductBoydborough, MT 37482','EME0000001','BR00000001','NReLyh~WE{');
INSERT INTO Faculty values('F000000031','Heather',NULL,'Daniels',44,2017,'andersonmegan@hotmail.com',9741248454,'2075 Evans Lake Apt. 264Ballmouth, ND 07269','EEE0000002','BR00000002','R~]wfeOkSA^');
INSERT INTO Faculty values('F000000032','Terry',NULL,'Holder',43,2008,'anita10@hotmail.com',9233682872,'2905 Amber ParkRossside, CO 09984','CVV0000003','BR00000003','XxGgCM]vzLjvk');
INSERT INTO Faculty values('F000000033','Andrew',NULL,'Thomas',55,2007,'hmccoy@white.com',9041142161,'969 Foster Square Suite 809South Michelle, SD 06845','BTC0000001','BR00000001','VMlFQYpc');
INSERT INTO Faculty values('F000000034','Kelly',NULL,'Mueller',62,2005,'amanda41@phillips-george.com',9956858641,'0474 Campbell WalksMatthewborough, NE 05206','CHC0000002','BR00000002','_E}kv~ye');
INSERT INTO Faculty values('F000000035','Natalie',NULL,'Anderson',47,2003,'leeryan@roberson.com',9319463674,'402 Duke Port Apt. 547North Reginaldchester, NM 07886','CSE0000003','BR00000003','tvR^b[drUSeP');
INSERT INTO Faculty values('F000000036','Katrina',NULL,'Strong',50,1996,'charlesanderson@hotmail.com',9320812131,'18942 Schneider Forest Suite 956Port Kevin, SD 23574','ECE0000001','BR00000001','um]uWPYhGG');
INSERT INTO Faculty values('F000000037','Kimberly',NULL,'Santos',41,2009,'mccarthybrett@yahoo.com',9963696839,'585 George Stream Suite 117Joneston, MT 13661','EME0000002','BR00000002','^rAuC|oTCp_P');
INSERT INTO Faculty values('F000000038','Laura',NULL,'Walker',46,2013,'lindavillegas@yahoo.com',9650420162,'1026 Samuel MeadowsNorth Larryburgh, KY 60057','EEE0000003','BR00000003','zf`hP\iYPESLp');
INSERT INTO Faculty values('F000000039','Kenneth',NULL,'Charles',40,2003,'patricia11@gmail.com',9117487042,'7706 Rebecca Locks Suite 256North Kelseyport, NV 01297','CVV0000001','BR00000001','NBMZZVfwr|');
INSERT INTO Faculty values('F000000040','Kimberly',NULL,'Washington',59,2010,'lsawyer@archer.com',9737317870,'76171 Michael Extensions Suite 807Rodriguezhaven, AK 78495','BTC0000002','BR00000002','hhmRiYFvfk`M');
INSERT INTO Faculty values('F000000041','Adam',NULL,'George',52,2005,'carlos91@franklin.org',9865319442,'471 Taylor ClubNorth Kellytown, WA 10981','CHC0000003','BR00000003','^XBXDNCK[L');
INSERT INTO Faculty values('F000000042','Cheryl',NULL,'Snow',51,2004,'justin63@olson.org',9853719954,'63951 Bell CenterThomasmouth, VA 99554','CSE0000001','BR00000001','brpOBGey~b\b|');
INSERT INTO Faculty values('F000000043','Jacqueline',NULL,'Griffith',45,2003,'john97@gmail.com',9242259991,'Unit 6523 Box 1124DPO AA 60167','ECE0000002','BR00000002','_wog\\uYJ[~UFF');
INSERT INTO Faculty values('F000000044','Stacy',NULL,'Wiley',65,1999,'gina73@gmail.com',9792099443,'3899 Miller PinesLake Danielchester, MN 90133','EME0000003','BR00000003','giC^Zu`Wb');
INSERT INTO Faculty values('F000000045','Michelle',NULL,'Berry',42,2017,'cynthialewis@carter.biz',9290124051,'462 Angela PlazaCrystalmouth, VA 27634','EEE0000001','BR00000001','hnHAoU[}V');
INSERT INTO Faculty values('F000000046','Nicole',NULL,'Davis',45,1997,'roger28@gmail.com',9375008200,'812 Smith LodgeRubentown, WI 31790','CVV0000002','BR00000002','yKPlUugF{');
INSERT INTO Faculty values('F000000047','John',NULL,'Schmidt',50,2007,'ocantu@bates-miller.com',9713754299,'62321 Mitchell Run Apt. 154West Stevenmouth, WA 89685','BTC0000003','BR00000003','S]^AXZqMV~`}}');
INSERT INTO Faculty values('F000000048','Tracey',NULL,'Williams',49,2015,'daleramirez@hotmail.com',9250217581,'24153 Foster Gateway Suite 776New Amy, GA 06886','CHC0000001','BR00000001','SDowofQhLvOV');
INSERT INTO Faculty values('F000000049','Lauren',NULL,'Williams',65,2012,'kristensmith@gmail.com',9413950591,'30448 Austin Plaza Apt. 976Lindseyview, OH 35353','CSE0000002','BR00000002','SxwfODEzF');
INSERT INTO Faculty values('F000000050','Christopher',NULL,'Lopez',56,1996,'linedward@hotmail.com',9089566114,'7105 Cannon Mountain Apt. 049West Katie, VA 99473','ECE0000003','BR00000003',']Kea^\Fph');
INSERT INTO Faculty values('F000000051','Ronald',NULL,'Hunt',56,2013,'xbrowning@hotmail.com',9638998955,'56755 Richard Underpass Apt. 413North Justintown, CA 40576','EME0000001','BR00000001','\nL~kPfF');
INSERT INTO Faculty values('F000000052','Walter',NULL,'Malone',42,2016,'john79@phillips.com',9212850787,'0267 Elizabeth Branch Suite 592West Brianville, WV 76981','EEE0000002','BR00000002','ygPflcIM_df');
INSERT INTO Faculty values('F000000053','Alan',NULL,'Anderson',61,2008,'stephen82@yahoo.com',9406479268,'5700 Jacqueline Loaf Apt. 029North David, UT 89895','CVV0000003','BR00000003','DBzJcrZ\E');
INSERT INTO Faculty values('F000000054','Daniel',NULL,'Russo',53,1998,'ghendrix@hotmail.com',9071871799,'18190 Gail ParkwaysLake Bethside, VT 29111','BTC0000001','BR00000001',']c_Hu_{');
INSERT INTO Faculty values('F000000055','Terri',NULL,'Blair',68,2008,'murraylisa@wilson-baldwin.com',9962016882,'3533 Christopher ShoresWest Kellymouth, KY 59014','CHC0000002','BR00000002','DyHkAlJ');
INSERT INTO Faculty values('F000000056','Teresa',NULL,'Scott',50,2005,'xparks@gmail.com',9891185434,'862 Katie Courts Apt. 384Yoderville, IN 42888','CSE0000003','BR00000003','Vq~mmi`lQ');
INSERT INTO Faculty values('F000000057','Abigail',NULL,'Johnson',43,2017,'johnsonsamuel@yahoo.com',9859396582,'193 Chen LodgeJohnsonland, PA 85085','ECE0000001','BR00000001','~sJbT`bHZi');
INSERT INTO Faculty values('F000000058','Tonya',NULL,'Smith',44,2013,'petersentabitha@gmail.com',9192362517,'94758 Ray MountainEast Nathanmouth, TN 87798','EME0000002','BR00000002','GjcKudmnn');
INSERT INTO Faculty values('F000000059','Robert',NULL,'Mann',63,1998,'stephensalazar@watts-porter.biz',9338561507,'6915 Vanessa ManorsPort Jessica, VA 34988','EEE0000003','BR00000003','FUqjQhzMx');
INSERT INTO Faculty values('F000000060','Amanda',NULL,'Allen',58,2001,'michelle68@hoffman-alexander.biz',9449924449,'563 Jessica Lodge Apt. 952Gallagherview, IN 10896','CVV0000001','BR00000001','qnUrYif[UH');
INSERT INTO Faculty values('F000000061','Anthony',NULL,'Houston',47,2012,'patrickhernandez@ryan.biz',9358197615,'17597 Peter RapidsFieldsland, LA 27976','BTC0000002','BR00000002','CaMpnWk\sgJ]ys');
INSERT INTO Faculty values('F000000062','Lori',NULL,'King',43,2004,'hawkinslisa@hotmail.com',9877548881,'9908 Dana IslandsWest Joelfurt, AR 84802','CHC0000003','BR00000003','[oFFYR^');
INSERT INTO Faculty values('F000000063','Matthew',NULL,'Valencia',57,2005,'howardleslie@yahoo.com',9811069128,'5743 Alvin Lake Apt. 363Natalietown, WY 45375','CSE0000001','BR00000001','[EfItHJ}');
INSERT INTO Faculty values('F000000064','Ruben',NULL,'Yu',47,1995,'acarter@ross.org',9391712647,'814 Powell Islands Suite 160South Brandi, OK 63995','ECE0000002','BR00000002','xsOk{Nyd~I');
INSERT INTO Faculty values('F000000065','Dustin',NULL,'Hamilton',56,2002,'alex42@gmail.com',9100961564,'57002 Hill Centers Apt. 017Ruizchester, MN 40061','EME0000003','BR00000003','XauwNPXNh~');
INSERT INTO Faculty values('F000000066','Brenda',NULL,'Kim',52,2006,'jessicatran@harris-ross.com',9806327743,'22108 Timothy NeckNew Angela, LA 88131','EEE0000001','BR00000001','KaPqSWPYzrU_e');
INSERT INTO Faculty values('F000000067','Julie',NULL,'Roberts',62,2008,'smithmolly@yahoo.com',9334144525,'3219 Kenneth CoveMooremouth, AK 82266','CVV0000002','BR00000002',']wLuK^]ChTmhY');
INSERT INTO Faculty values('F000000068','Marissa',NULL,'Ellis',44,2002,'steven71@marks.net',9644628954,'33540 House Inlet Apt. 302North Jorgeborough, ND 95447','BTC0000003','BR00000003','jZ~tIShTgoC');
INSERT INTO Faculty values('F000000069','Laurie',NULL,'Pierce',46,2014,'ruth44@hotmail.com',9329063285,'267 Davis Cove Apt. 400North Alexburgh, NV 05798','CHC0000001','BR00000001','}M{{X[Jr{_GiS');
INSERT INTO Faculty values('F000000070','Mark',NULL,'Parker',42,2007,'michael34@jones.com',9379509880,'Unit 5802 Box 1975DPO AE 70281','CSE0000002','BR00000002','PnGqFpjfnaes');



INSERT INTO Publisher values('P000000001','30479 Brenda Wall Suite 983Matthewtown, MD 89850','jennifermurphy@gaines.com','Disney Worldwide');
INSERT INTO Publisher values('P000000002','0668 Crawford Course Suite 605Carolinemouth, DE 14611','rmorgan@davis-bruce.org','Bloomsbery Publishing');
INSERT INTO Publisher values('P000000003','7986 Moss Track Apt. 154Skinnerport, ID 33405','awilliams@gmail.com','Pierre-Jules Hetzel');
INSERT INTO Publisher values('P000000004','1778 Cole OrchardLake Amandabury, ID 24526','peckmartin@gmail.com','William Heineman');
INSERT INTO Publisher values('P000000005','2630 Katie CourtsSouth Evelynview, UT 22434','victoriajennings@bradley-garcia.com','Chatto & Windus');
INSERT INTO Publisher values('P000000006','506 Evans LakesNew Lisafurt, OH 09182','christopheratkinson@lee-cherry.com','Blue Book Magazine');
INSERT INTO Publisher values('P000000007','010 Lisa ShoreTylerton, ID 51017','julia51@hotmail.com','Harvill Secker');
INSERT INTO Publisher values('P000000008','9132 Carla Mall Apt. 923South Elizabeth, PA 48609','jeremy33@yahoo.com','Penguin Random House LLC.');
INSERT INTO Publisher values('P000000010','136 Guerra LakesStephensonhaven, ND 48619','ypowers@moore.com','Double Day & Company');
INSERT INTO Publisher values('P000000011','4892 Roberts Glens Suite 148Nelsonfort, NH 33991','vcarter@yahoo.com','Kavi Mahesh');
INSERT INTO Publisher values('P000000012','324 King Route Suite 711Lake Lorettamouth, VT 93954','dianegordon@yahoo.com','Techical Publications');
INSERT INTO Publisher values('P000000013','127 John CovesMelissabury, NY 33420','dawngordon@gmail.com','Sudhas Student Friendly Textbooks');
INSERT INTO Publisher values('P000000014','348 Derek ShoresMackborough, GA 11534','deannathomas@hotmail.com','Arihants');
INSERT INTO Publisher values('P000000015','2022 Jonathan MountainCaldwellport, MA 84446','zpeterson@taylor-white.com','Core Engineering Series');
INSERT INTO Publisher values('P000000016','78808 Contreras Crest Suite 661Jacobmouth, ND 21239','alexanderjeffrey@hotmail.com','S. Chand');
INSERT INTO Publisher values('P000000017','183 Summers StreetsKyleland, MO 45247','thompsonjames@dougherty.com','BI Bhatt');
INSERT INTO Publisher values('P000000018','7369 Megan BranchDuncanstad, DC 67900','amy06@gmail.com','Oxford');
INSERT INTO Publisher values('P000000019','58515 Cervantes Corners Apt. 684Elizabethmouth, VA 27201','kristinereynolds@lee.com','VTU');
INSERT INTO Publisher values('P000000020','85086 Justin Tunnel Apt. 768Port Emmashire, AZ 37062','rpeters@richards.com','S. Chand');



INSERT INTO Author values('Rick',NULL,'Riordan','A000000001','P000000001','Fiction','Fantasy');
INSERT INTO Author values('J.','K','Rowling','A000000002','P000000002','Fiction','Fantasy');
INSERT INTO Author values('Jules',NULL,'Verne','A000000003','P000000003','Fiction','Fantasy,Science Fiction');
INSERT INTO Author values('H.','G','Wells','A000000004','P000000004','Fiction','Science Fiction');
INSERT INTO Author values('Aldous',NULL,'Huxley','A000000005','P000000005','Fiction','Science Fiction');
INSERT INTO Author values('Philip',NULL,'Wylie','A000000006','P000000006','Fiction','Science Fiction');
INSERT INTO Author values('George',NULL,'Orwell','A000000007','P000000007','Fiction','Science Fiction');
INSERT INTO Author values('George','R','Stewart','A000000008','P000000008','Fiction','Science Fiction');
INSERT INTO Author values('Ray',NULL,'Bradbury','A000000010','P000000010','Fiction','Science Fiction');
INSERT INTO Author values('Kavi',NULL,'Mahesh','A000000011','P000000011','Educational',NULL);
INSERT INTO Author values('J','S','Chitode','A000000012','P000000012','Educational',NULL);
INSERT INTO Author values('Dr.',NULL,'KSC','A000000013','P000000013','Educational',NULL);
INSERT INTO Author values('Gaurav',NULL,'Shukla','A000000014','P000000014','Educational',NULL);
INSERT INTO Author values('B','V','Ramana','A000000015','P000000015','Educational',NULL);
INSERT INTO Author values('R','S','Khurmi','A000000016','P000000016','Educational',NULL);
INSERT INTO Author values('J','M','Smith','A000000017','P000000017','Educational',NULL);
INSERT INTO Author values('J','S','Slater','A000000018','P000000018','Educational',NULL);
INSERT INTO Author values('S','P','Basavarju','A000000019','P000000019','Educational',NULL);
INSERT INTO Author values('S','S','Dhara','A000000020','P000000020','Educational',NULL);



INSERT into BOOK values('Percy Jackson and The Lightning Thief','B000000001','Fiction',NULL,'2005-06-01',8.0,4,'A000000001','BR00000001',NULL,'P000000001','Fantasy');
INSERT into BOOK values('Percy Jackson and The Titans Curse','B000000002','Fiction',NULL,'2007-04-01',8.2,3,'A000000001','BR00000001',NULL,'P000000001','Fantasy');
INSERT into BOOK values('Percy Jackson and The Battle of The Labyrinth','B000000003','Fiction',NULL,'2008-05-06',8.5,2,'A000000001','BR00000001',NULL,'P000000001','Fantasy');
INSERT into BOOK values('Percy Jackson and The Olympians','B000000004','Fiction',NULL,'2010-02-03',8.1,1,'A000000001','BR00000002',NULL,'P000000001','Fantasy');
INSERT into BOOK values('Harry Potter And The Chamber Of Secrets','B000000005','Fiction',NULL,'1998-07-02',9.1,9,'A000000002','BR00000001',NULL,'P000000002','Fantasy');
INSERT into BOOK values('Harry Potter And The Philosophers Stone','B000000006','Fiction',NULL,'1997-06-26',9.2,11,'A000000002','BR00000001',NULL,'P000000002','Fantasy');
INSERT into BOOK values('Harry Potter And The Prisoner Of Azkaban','B000000007','Fiction',NULL,'1999-07-08',9.3,7,'A000000002','BR00000001',NULL,'P000000002','Fantasy');
INSERT into BOOK values('Harry Potter And The Goblet Of Fire','B000000008','Fiction',NULL,'2000-07-08',9.4,5,'A000000002','BR00000002',NULL,'P000000002','Fantasy');
INSERT into BOOK values('Harry Potter And The Order Of The Phoenix','B000000009','Fiction',NULL,'2003-06-21',9.5,5,'A000000002','BR00000002',NULL,'P000000002','Fantasy');
INSERT into BOOK values('Harry Potter And The Order Of The Phoenix','B000000010','Fiction',NULL,'2003-06-21',9.5,5,'A000000002','BR00000001',NULL,'P000000002','Fantasy');
INSERT into BOOK values('Harry Potter And The Half Blood Prince','B000000011','Fiction',NULL,'2005-07-16',9.4,3,'A000000002','BR00000001',NULL,'P000000002','Fantasy');
INSERT into BOOK values('Harry Potter And The Half Blood Prince','B000000012','Fiction',NULL,'2005-07-16',9.4,3,'A000000002','BR00000002',NULL,'P000000002','Fantasy');
INSERT into BOOK values('Harry Potter And The Deathly Hallows','B000000013','Fiction',NULL,'2007-07-21',9.3,2,'A000000002','BR00000001',NULL,'P000000002','Fantasy');
INSERT into BOOK values('Harry Potter And The Deathly Hallows','B000000014','Fiction',NULL,'2007-07-21',9.3,2,'A000000002','BR00000002',NULL,'P000000002','Fantasy');
INSERT into BOOK values('A Journey To The Centre Of The Earth','B000000015','Fiction',NULL,'1864-07-21',9.3,2,'A000000003','BR00000001',NULL,'P000000003','Science Fiction,Fantasy');
INSERT into BOOK values('The War Of The Worlds','B000000016','Fiction',NULL,'1898-06-21',9.2,3,'A000000004','BR00000001',NULL,'P000000004','Science Fiction');
INSERT into BOOK values('The War Of The Worlds','B000000017','Fiction',NULL,'1898-06-21',9.2,3,'A000000004','BR00000002',NULL,'P000000004','Science Fiction');
INSERT into BOOK values('Brave New World','B000000018','Fiction',NULL,'1932-04-12',9.3,4,'A000000005','BR00000001',NULL,'P000000005','Science Fiction');
INSERT into BOOK values('Brave New World','B000000019','Fiction',NULL,'1932-04-12',9.3,3,'A000000005','BR00000002',NULL,'P000000005','Science Fiction');
INSERT into BOOK values('When Worlds Collide','B000000020','Fiction',NULL,'1933-02-12',9.2,1,'A000000006','BR00000001',NULL,'P000000006','Science Fiction');
INSERT into BOOK values('Odd John','B000000021','Fiction',NULL,'1935-01-12',9.1,2,'A000000007','BR00000001',NULL,'P000000007','Science Fiction');
INSERT into BOOK values('Nineteen Eighty-Four','B000000022','Fiction',NULL,'1949-01-03',8.6,2,'A000000007','BR00000001',NULL,'P000000007','Science Fiction');
INSERT into BOOK values('Earth Abides','B000000023','Fiction',NULL,'1949-03-02',8.4,5,'A000000008','BR00000002',NULL,'P000000008','Science Fiction');
INSERT into BOOK values('Percy Jackson and The Lightning Thief','B000000024','Fiction',NULL,'2005-06-01',8.0,4,'A000000001','BR00000003',NULL,'P000000001','Fantasy');
INSERT into BOOK values('Percy Jackson and The Olympians','B000000025','Fiction',NULL,'2010-02-03',8.1,1,'A000000001','BR00000003',NULL,'P000000001','Fantasy');
INSERT into BOOK values('Harry Potter And The Order Of The Phoenix','B000000026','Fiction',NULL,'2003-06-21',9.5,5,'A000000002','BR00000003',NULL,'P000000002','Fantasy');
INSERT into BOOK values('Harry Potter And The Half Blood Prince','B000000027','Fiction',NULL,'2005-07-16',9.4,3,'A000000002','BR00000003',NULL,'P000000002','Fantasy');
INSERT into BOOK values('Harry Potter And The Deathly Hallows','B000000028','Fiction',NULL,'2007-07-21',9.3,2,'A000000002','BR00000003',NULL,'P000000002','Fantasy');
INSERT into BOOK values('Earth Abides','B000000029','Fiction',NULL,'1949-07-21',8.9,1,'A000000008','BR00000002',NULL,'P000000008','Science Fiction');
INSERT into BOOK values('Earth Abides','B000000030','Fiction',NULL,'1949-07-21',8.9,3,'A000000008','BR00000003',NULL,'P000000008','Science Fiction');
INSERT into BOOK values('The Illustrated Man','B000000031','Fiction',NULL,'1951-01-21',8.5,1,'A000000010','BR00000001',NULL,'P000000010','Science Fiction');
INSERT into BOOK values('The Illustrated Man','B000000032','Fiction',NULL,'1951-01-21',8.5,2,'A000000010','BR00000002',NULL,'P000000010','Science Fiction');
INSERT into BOOK values('The Illustrated Man','B000000033','Fiction',NULL,'1951-01-21',8.5,3,'A000000010','BR00000003',NULL,'P000000010','Science Fiction');
INSERT into BOOK values('Theory Of Computation : A Problem Solving Approach','B000000034','Educational',4,'1999-01-21',8.9,3,'A000000011','BR00000001','CSE0000001','P000000011',NULL);
INSERT into BOOK values('Theory Of Computation : A Problem Solving Approach','B000000035','Educational',4,'1999-01-21',8.9,3,'A000000011','BR00000002','CSE0000002','P000000011',NULL);
INSERT into BOOK values('Theory Of Computation : A Problem Solving Approach','B000000036','Educational',4,'1999-01-21',8.9,3,'A000000011','BR00000003','CSE0000003','P000000011',NULL);
INSERT into BOOK values('Signals and Stochastic Process for JNTU-H','B000000037','Educational',3,'1977-01-21',8.5,3,'A000000012','BR00000001','ECE0000001','P000000012',NULL);
INSERT into BOOK values('Signals and Stochastic Process for JNTU-H','B000000038','Educational',3,'1977-01-21',8.5,3,'A000000012','BR00000002','ECE0000002','P000000012',NULL);
INSERT into BOOK values('Signals and Stochastic Process for JNTU-H','B000000039','Educational',3,'1977-01-21',8.5,3,'A000000012','BR00000003','ECE0000003','P000000012',NULL);
INSERT into BOOK values('A Textbook of Engineering Mathematics-III ','B000000040','Educational',3,'1987-01-21',8.7,3,'A000000013','BR00000001',NULL,'P000000013',NULL);
INSERT into BOOK values('A Textbook of Engineering Mathematics-III ','B000000041','Educational',3,'1987-01-21',8.7,3,'A000000013','BR00000002',NULL,'P000000013',NULL);
INSERT into BOOK values('A Textbook of Engineering Mathematics-III ','B000000042','Educational',3,'1987-01-21',8.7,3,'A000000013','BR00000003',NULL,'P000000013',NULL);
INSERT into BOOK values('Handbook Series of Machanical Engineering','B000000043','Educational',4,'1994-03-21',8.5,2,'A000000014','BR00000001','EME0000001','P000000014',NULL);
INSERT into BOOK values('Handbook Series of Machanical Engineering','B000000044','Educational',4,'1994-03-21',8.5,2,'A000000014','BR00000002','EME0000002','P000000014',NULL);
INSERT into BOOK values('Higher Engineering Mathematics','B000000045','Educational',2,'1985-03-31',9.0,4,'A000000015','BR00000001',NULL,'P000000015',NULL);
INSERT into BOOK values('Higher Engineering Mathematics','B000000046','Educational',2,'1985-03-31',9.0,4,'A000000015','BR00000002',NULL,'P000000015',NULL);
INSERT into BOOK values('Higher Engineering Mathematics','B000000047','Educational',2,'1985-03-31',9.0,4,'A000000015','BR00000003',NULL,'P000000015',NULL);
INSERT into BOOK values('Civil Engineering','B000000048','Educational',4,'1975-03-31',9.0,1,'A000000016','BR00000001','CVV0000001','P000000016',NULL);
INSERT into BOOK values('Civil Engineering','B000000049','Educational',4,'1975-03-31',9.0,1,'A000000016','BR00000002','CVV0000002','P000000016',NULL);
INSERT into BOOK values('Civil Engineering','B000000050','Educational',4,'1975-03-31',9.0,1,'A000000016','BR00000003','CVV0000003','P000000016',NULL);
INSERT into BOOK values('Introduction to Chemical Engineering','B000000051','Educational',4,'1965-03-31',9.0,1,'A000000017','BR00000001','CHC0000001','P000000017',NULL);
INSERT into BOOK values('Introduction to Chemical Engineering','B000000052','Educational',4,'1965-03-31',9.0,1,'A000000017','BR00000003','CHC0000003','P000000017',NULL);
INSERT into BOOK values('Plant Biotechnology','B000000053','Educational',4,'1995-03-31',9.2,5,'A000000018','BR00000001','BTC0000001','P000000018',NULL);
INSERT into BOOK values('Plant Biotechnology','B000000054','Educational',4,'1995-03-31',9.2,5,'A000000018','BR00000002','BTC0000002','P000000018',NULL);
INSERT into BOOK values('Plant Biotechnology','B000000055','Educational',4,'1995-03-31',9.2,5,'A000000018','BR00000003','BTC0000003','P000000018',NULL);
INSERT into BOOK values('Engineering Physics','B000000056','Educational',2,'1997-01-31',9.1,6,'A000000019','BR00000001',NULL,'P000000019',NULL);
INSERT into BOOK values('Engineering Physics','B000000057','Educational',2,'1997-01-31',9.1,6,'A000000019','BR00000002',NULL,'P000000019',NULL);
INSERT into BOOK values('Engineering Physics','B000000058','Educational',2,'1997-01-31',9.1,6,'A000000019','BR00000003',NULL,'P000000019',NULL);
INSERT into BOOK values('Engineering Chemistry','B000000059','Educational',2,'1998-01-31',9.5,6,'A000000020','BR00000001',NULL,'P000000016',NULL);
INSERT into BOOK values('Engineering Chemistry','B000000060','Educational',2,'1998-01-31',9.5,6,'A000000020','BR00000002',NULL,'P000000016',NULL);



INSERT INTO Admin values('Ramesh',NULL,'Vajubhai','AD00000001','2000-09-02','ramesh_vajubhai@saa.edu',9876543210,'BR00000001');
INSERT INTO Admin values('Suresh',NULL,'Jaldhari','AD00000002','2005-05-02','suresh_jaldhari@saa.edu',9876453120,'BR00000002');
INSERT INTO Admin values('Kamalesh',NULL,'Jawabdhari','AD00000003','2006-03-04','kamalesh_jawabdhari@saa.edu',9876463201,'BR00000003');



INSERT INTO Borrows values('BO00000001','2019-04-16','SAA1201700001',NULL,'B000000001',NULL);
INSERT INTO Borrows values('BO00000002','2019-10-15','SAA1201700002',NULL,'B000000002',NULL);
INSERT INTO Borrows values('BO00000003','2019-12-26','SAA1201700003',NULL,'B000000003',NULL);
INSERT INTO Borrows values('BO00000004','2019-10-17','SAA1201700004',NULL,'B000000004',NULL);
INSERT INTO Borrows values('BO00000005','2019-04-18','SAA1201700005',NULL,'B000000005',NULL);
INSERT INTO Borrows values('BO00000006','2019-11-23','SAA1201700006',NULL,'B000000006',NULL);
INSERT INTO Borrows values('BO00000007','2019-07-01','SAA1201700007',NULL,'B000000007',NULL);
INSERT INTO Borrows values('BO00000008','2019-11-13','SAA1201700008',NULL,'B000000008',NULL);
INSERT INTO Borrows values('BO00000009','2019-04-28','SAA1201700009',NULL,'B000000009',NULL);
INSERT INTO Borrows values('BO00000010','2019-09-05','SAA1201700010',NULL,'B000000010',NULL);
INSERT INTO Borrows values('BO00000011','2019-08-25','SAA1201700011',NULL,'B000000011',NULL);
INSERT INTO Borrows values('BO00000012','2019-10-18','SAA1201700012',NULL,'B000000012',NULL);
INSERT INTO Borrows values('BO00000013','2019-10-26','SAA1201700013',NULL,'B000000013',NULL);
INSERT INTO Borrows values('BO00000014','2019-09-05','SAA1201700014',NULL,'B000000014',NULL);
INSERT INTO Borrows values('BO00000015','2019-11-09','SAA1201700015',NULL,'B000000015',NULL);
INSERT INTO Borrows values('BO00000016','2019-04-26','SAA1201700016',NULL,'B000000016',NULL);
INSERT INTO Borrows values('BO00000017','2019-11-16','SAA1201700017',NULL,'B000000017',NULL);
INSERT INTO Borrows values('BO00000018','2019-10-28','SAA1201700018',NULL,'B000000018',NULL);
INSERT INTO Borrows values('BO00000019','2019-12-11','SAA1201700019',NULL,'B000000019',NULL);
INSERT INTO Borrows values('BO00000020','2019-09-16','SAA1201700020',NULL,'B000000020',NULL);
INSERT INTO Borrows values('BO00000021','2019-08-22','SAA1201800001',NULL,'B000000021',NULL);
INSERT INTO Borrows values('BO00000022','2019-09-24','SAA1201800002',NULL,'B000000022',NULL);
INSERT INTO Borrows values('BO00000023','2019-11-10','SAA1201800003',NULL,'B000000023',NULL);
INSERT INTO Borrows values('BO00000024','2019-04-21','SAA1201800004',NULL,'B000000024',NULL);
INSERT INTO Borrows values('BO00000025','2019-04-14','SAA1201800005',NULL,'B000000025',NULL);
INSERT INTO Borrows values('BO00000026','2019-05-18','SAA1201800006',NULL,'B000000026',NULL);
INSERT INTO Borrows values('BO00000027','2019-05-11','SAA1201800007',NULL,'B000000027',NULL);
INSERT INTO Borrows values('BO00000028','2019-10-17','SAA1201800008',NULL,'B000000028',NULL);
INSERT INTO Borrows values('BO00000029','2019-12-17','SAA1201800009',NULL,'B000000029',NULL);
INSERT INTO Borrows values('BO00000030','2019-08-11','SAA1201800010',NULL,'B000000030',NULL);
INSERT INTO Borrows values('BO00000031','2019-11-09','SAA1201800011',NULL,'B000000031',NULL);
INSERT INTO Borrows values('BO00000032','2019-10-05','SAA1201800012',NULL,'B000000032',NULL);
INSERT INTO Borrows values('BO00000033','2019-07-13','SAA1201800013',NULL,'B000000033',NULL);
INSERT INTO Borrows values('BO00000034','2019-08-05','SAA1201800014',NULL,'B000000034',NULL);
INSERT INTO Borrows values('BO00000035','2019-08-06','SAA1201800015',NULL,'B000000035',NULL);
INSERT INTO Borrows values('BO00000036','2019-05-01','SAA1201800016',NULL,'B000000036',NULL);
INSERT INTO Borrows values('BO00000037','2019-04-15','SAA1201800017',NULL,'B000000037',NULL);
INSERT INTO Borrows values('BO00000038','2019-05-11','SAA1201800018',NULL,'B000000038',NULL);
INSERT INTO Borrows values('BO00000039','2019-08-09','SAA1201800019',NULL,'B000000039',NULL);
INSERT INTO Borrows values('BO00000040','2019-06-18','SAA1201800020',NULL,'B000000040',NULL);
INSERT INTO Borrows values('BO00000041','2019-10-19',NULL,'F000000001','B000000041',NULL);
INSERT INTO Borrows values('BO00000042','2019-09-01',NULL,'F000000002','B000000042',NULL);
INSERT INTO Borrows values('BO00000043','2019-10-14',NULL,'F000000003','B000000043',NULL);
INSERT INTO Borrows values('BO00000044','2019-05-28',NULL,'F000000004','B000000044',NULL);
INSERT INTO Borrows values('BO00000045','2019-10-22',NULL,'F000000005','B000000045',NULL);
INSERT INTO Borrows values('BO00000046','2019-08-04',NULL,'F000000006','B000000046',NULL);
INSERT INTO Borrows values('BO00000047','2019-07-26',NULL,'F000000007','B000000047',NULL);
INSERT INTO Borrows values('BO00000048','2019-08-27',NULL,'F000000008','B000000048',NULL);
INSERT INTO Borrows values('BO00000049','2019-07-16',NULL,'F000000009','B000000049',NULL);
INSERT INTO Borrows values('BO00000050','2019-05-11',NULL,'F000000010','B000000050',NULL);
INSERT INTO Borrows values('BO00000051','2019-06-08',NULL,'F000000011','B000000051',NULL);
INSERT INTO Borrows values('BO00000052','2019-09-13',NULL,'F000000012','B000000052',NULL);
INSERT INTO Borrows values('BO00000053','2019-09-06',NULL,'F000000013','B000000053',NULL);
INSERT INTO Borrows values('BO00000054','2019-06-27',NULL,'F000000014','B000000054',NULL);
INSERT INTO Borrows values('BO00000055','2019-05-07',NULL,'F000000015','B000000055',NULL);
INSERT INTO Borrows values('BO00000056','2019-10-21',NULL,'F000000016','B000000056',NULL);
INSERT INTO Borrows values('BO00000057','2019-04-01',NULL,'F000000017','B000000057',NULL);
INSERT INTO Borrows values('BO00000058','2019-05-15',NULL,'F000000018','B000000058',NULL);
INSERT INTO Borrows values('BO00000059','2019-06-15',NULL,'F000000019','B000000059',NULL);
INSERT INTO Borrows values('BO00000060','2019-08-23',NULL,'F000000020','B000000060',NULL);



INSERT INTO Issues values('I000000001','2019-03-28','B000000001','AD00000001');
INSERT INTO Issues values('I000000002','2019-02-13','B000000002','AD00000002');
INSERT INTO Issues values('I000000003','2019-03-15','B000000003','AD00000003');
INSERT INTO Issues values('I000000004','2019-03-10','B000000004','AD00000001');
INSERT INTO Issues values('I000000005','2019-01-15','B000000005','AD00000002');
INSERT INTO Issues values('I000000006','2019-03-01','B000000006','AD00000003');
INSERT INTO Issues values('I000000007','2019-01-01','B000000007','AD00000001');
INSERT INTO Issues values('I000000008','2019-03-02','B000000008','AD00000002');
INSERT INTO Issues values('I000000009','2019-01-28','B000000009','AD00000003');
INSERT INTO Issues values('I000000010','2019-03-24','B000000010','AD00000001');
INSERT INTO Issues values('I000000011','2019-02-15','B000000011','AD00000002');
INSERT INTO Issues values('I000000012','2019-02-01','B000000012','AD00000003');
INSERT INTO Issues values('I000000013','2019-02-09','B000000013','AD00000001');
INSERT INTO Issues values('I000000014','2019-03-27','B000000014','AD00000002');
INSERT INTO Issues values('I000000015','2019-02-01','B000000015','AD00000003');
INSERT INTO Issues values('I000000016','2019-03-26','B000000016','AD00000001');
INSERT INTO Issues values('I000000017','2019-03-01','B000000017','AD00000002');
INSERT INTO Issues values('I000000018','2019-02-11','B000000018','AD00000003');
INSERT INTO Issues values('I000000019','2019-02-28','B000000019','AD00000001');
INSERT INTO Issues values('I000000020','2019-01-03','B000000020','AD00000002');
INSERT INTO Issues values('I000000021','2019-01-26','B000000021','AD00000003');
INSERT INTO Issues values('I000000022','2019-02-02','B000000022','AD00000001');
INSERT INTO Issues values('I000000023','2019-01-07','B000000023','AD00000002');
INSERT INTO Issues values('I000000024','2019-03-28','B000000024','AD00000003');
INSERT INTO Issues values('I000000025','2019-03-05','B000000025','AD00000001');
INSERT INTO Issues values('I000000026','2019-03-08','B000000026','AD00000002');
INSERT INTO Issues values('I000000027','2019-03-15','B000000027','AD00000003');
INSERT INTO Issues values('I000000028','2019-03-17','B000000028','AD00000001');
INSERT INTO Issues values('I000000029','2019-02-08','B000000029','AD00000002');
INSERT INTO Issues values('I000000030','2019-02-23','B000000030','AD00000003');
INSERT INTO Issues values('I000000031','2019-02-03','B000000031','AD00000001');
INSERT INTO Issues values('I000000032','2019-02-06','B000000032','AD00000002');
INSERT INTO Issues values('I000000033','2019-02-12','B000000033','AD00000003');
INSERT INTO Issues values('I000000034','2019-02-03','B000000034','AD00000001');
INSERT INTO Issues values('I000000035','2019-02-12','B000000035','AD00000002');
INSERT INTO Issues values('I000000036','2019-03-22','B000000036','AD00000003');
INSERT INTO Issues values('I000000037','2019-03-22','B000000037','AD00000001');
INSERT INTO Issues values('I000000038','2019-01-06','B000000038','AD00000002');
INSERT INTO Issues values('I000000039','2019-01-15','B000000039','AD00000003');
INSERT INTO Issues values('I000000040','2019-03-20','B000000040','AD00000001');
INSERT INTO Issues values('I000000041','2019-03-01','B000000041','AD00000002');
INSERT INTO Issues values('I000000042','2019-03-03','B000000042','AD00000003');
INSERT INTO Issues values('I000000043','2019-01-08','B000000043','AD00000001');
INSERT INTO Issues values('I000000044','2019-01-05','B000000044','AD00000002');
INSERT INTO Issues values('I000000045','2019-01-09','B000000045','AD00000003');
INSERT INTO Issues values('I000000046','2019-01-24','B000000046','AD00000001');
INSERT INTO Issues values('I000000047','2019-01-09','B000000047','AD00000002');
INSERT INTO Issues values('I000000048','2019-02-27','B000000048','AD00000003');
INSERT INTO Issues values('I000000049','2019-02-15','B000000049','AD00000001');
INSERT INTO Issues values('I000000050','2019-03-24','B000000050','AD00000002');
INSERT INTO Issues values('I000000051','2019-01-09','B000000051','AD00000003');
INSERT INTO Issues values('I000000052','2019-01-21','B000000052','AD00000001');
INSERT INTO Issues values('I000000053','2019-01-07','B000000053','AD00000002');
INSERT INTO Issues values('I000000054','2019-03-11','B000000054','AD00000003');
INSERT INTO Issues values('I000000055','2019-02-03','B000000055','AD00000001');
INSERT INTO Issues values('I000000056','2019-01-19','B000000056','AD00000002');
INSERT INTO Issues values('I000000057','2019-01-26','B000000057','AD00000003');
INSERT INTO Issues values('I000000058','2019-02-14','B000000058','AD00000001');
INSERT INTO Issues values('I000000059','2019-02-28','B000000059','AD00000002');
INSERT INTO Issues values('I000000060','2019-03-13','B000000060','AD00000003');




